CLIENTNUM,churn
719682183,Existing Customer
711341433,Existing Customer
716154258,Existing Customer
779749908,Existing Customer
710854008,Existing Customer
709625733,Existing Customer
708796458,Existing Customer
721080183,Existing Customer
711654558,Existing Customer
721268133,Existing Customer
714208533,Attrited Customer
718020408,Existing Customer
714974658,Existing Customer
720101658,Existing Customer
718297683,Attrited Customer
756013833,Existing Customer
717401883,Existing Customer
708462258,Existing Customer
792152283,Existing Customer
780126033,Attrited Customer
716850558,Existing Customer
713671158,Existing Customer
709986633,Existing Customer
715749858,Existing Customer
719701383,Existing Customer
708382083,Attrited Customer
718031508,Existing Customer
711856683,Existing Customer
714290583,Existing Customer
708946008,Attrited Customer
709311633,Existing Customer
714901383,Existing Customer
819977058,Existing Customer
765055833,Existing Customer
714629358,Attrited Customer
713893308,Existing Customer
708178608,Existing Customer
719649408,Existing Customer
788791383,Existing Customer
717200508,Existing Customer
710090958,Existing Customer
779914383,Existing Customer
721169883,Existing Customer
714120258,Existing Customer
715989108,Existing Customer
780481308,Existing Customer
756477333,Existing Customer
709934808,Existing Customer
720563058,Existing Customer
719293533,Existing Customer
788194458,Existing Customer
778617708,Attrited Customer
717281658,Existing Customer
787496733,Existing Customer
717840108,Attrited Customer
711871758,Attrited Customer
714738033,Existing Customer
719951208,Existing Customer
721378008,Existing Customer
716380683,Existing Customer
714580158,Existing Customer
715411608,Existing Customer
720211533,Existing Customer
793336383,Existing Customer
806160108,Existing Customer
718071933,Existing Customer
711619608,Existing Customer
717765183,Existing Customer
711345258,Existing Customer
772655733,Existing Customer
770662383,Existing Customer
714081558,Existing Customer
712971708,Existing Customer
772133808,Existing Customer
718418958,Existing Customer
711644508,Existing Customer
713914683,Existing Customer
719466558,Existing Customer
719929758,Existing Customer
715493733,Attrited Customer
790186458,Existing Customer
758417508,Existing Customer
781794708,Attrited Customer
713023158,Existing Customer
719657583,Attrited Customer
710026458,Existing Customer
719022558,Existing Customer
718416858,Existing Customer
719996958,Existing Customer
711750183,Existing Customer
804583833,Existing Customer
753118533,Existing Customer
713767383,Existing Customer
813053733,Attrited Customer
778502958,Existing Customer
716335983,Existing Customer
716442333,Existing Customer
713257083,Existing Customer
712867983,Existing Customer
708666258,Existing Customer
717271983,Existing Customer
709296558,Existing Customer
710612583,Existing Customer
716713533,Existing Customer
779686683,Existing Customer
713972658,Existing Customer
714045783,Attrited Customer
711540108,Attrited Customer
710345808,Existing Customer
720621408,Existing Customer
718288833,Existing Customer
710566533,Existing Customer
713216883,Existing Customer
788931558,Existing Customer
712085733,Existing Customer
772310958,Existing Customer
708809283,Attrited Customer
711448983,Attrited Customer
754443033,Attrited Customer
714502458,Existing Customer
711802758,Existing Customer
789607983,Existing Customer
778956033,Existing Customer
779155158,Existing Customer
708916083,Attrited Customer
712311258,Existing Customer
711768858,Existing Customer
809071083,Existing Customer
712757808,Attrited Customer
711832533,Existing Customer
802878408,Existing Customer
714294183,Attrited Customer
788275083,Existing Customer
716882658,Existing Customer
711160233,Existing Customer
714595983,Attrited Customer
713177808,Existing Customer
718508883,Attrited Customer
713787333,Existing Customer
714138408,Existing Customer
827948133,Existing Customer
715394883,Existing Customer
772264383,Existing Customer
714385983,Existing Customer
715019058,Existing Customer
788827308,Existing Customer
719648358,Existing Customer
770740308,Existing Customer
715187733,Existing Customer
779956608,Existing Customer
718286658,Existing Customer
719245983,Existing Customer
816312633,Attrited Customer
712325433,Existing Customer
712446783,Attrited Customer
816834933,Existing Customer
711311883,Existing Customer
797228883,Existing Customer
779269158,Attrited Customer
717623583,Existing Customer
714013983,Attrited Customer
716210283,Existing Customer
711197658,Existing Customer
816325533,Existing Customer
767036433,Existing Customer
788610258,Existing Customer
712563408,Attrited Customer
713539833,Existing Customer
717087858,Existing Customer
721083258,Existing Customer
792795933,Existing Customer
709487058,Existing Customer
826136283,Existing Customer
778465533,Existing Customer
708499608,Existing Customer
719296383,Existing Customer
779114283,Existing Customer
714321408,Existing Customer
716306583,Attrited Customer
716313858,Existing Customer
717371583,Attrited Customer
719836083,Existing Customer
804359133,Existing Customer
713650683,Existing Customer
717495258,Existing Customer
717924933,Existing Customer
710787708,Existing Customer
710119233,Existing Customer
709738008,Existing Customer
719299533,Attrited Customer
823528833,Existing Customer
736893108,Existing Customer
718068933,Existing Customer
713814408,Existing Customer
720178158,Attrited Customer
715517733,Attrited Customer
710455608,Existing Customer
793717608,Existing Customer
710605458,Existing Customer
787723758,Existing Customer
742778358,Existing Customer
788907033,Existing Customer
804847308,Existing Customer
712860858,Existing Customer
719976558,Existing Customer
709150608,Existing Customer
718825908,Existing Customer
720668358,Existing Customer
713947908,Existing Customer
823609383,Existing Customer
710102208,Existing Customer
716721483,Attrited Customer
713358633,Existing Customer
712707408,Existing Customer
714403983,Existing Customer
708445608,Existing Customer
710677608,Existing Customer
712977183,Existing Customer
719894433,Attrited Customer
790096533,Existing Customer
708681708,Attrited Customer
713975433,Existing Customer
712279683,Attrited Customer
780715683,Existing Customer
768600558,Existing Customer
712931733,Existing Customer
711330408,Existing Customer
718518858,Existing Customer
710086308,Existing Customer
708817608,Existing Customer
778853358,Existing Customer
713548158,Existing Customer
711863433,Existing Customer
715830558,Attrited Customer
712240083,Attrited Customer
821759658,Existing Customer
713089458,Existing Customer
708584208,Attrited Customer
787463508,Existing Customer
710044308,Attrited Customer
771903033,Existing Customer
824763783,Existing Customer
710663508,Existing Customer
711032058,Existing Customer
779951058,Existing Customer
717667833,Existing Customer
711838008,Attrited Customer
772336458,Attrited Customer
710496708,Existing Customer
712160058,Attrited Customer
780664758,Existing Customer
787284858,Existing Customer
708160008,Existing Customer
806649333,Existing Customer
769662033,Existing Customer
772346358,Existing Customer
815596608,Existing Customer
807915408,Existing Customer
778885158,Existing Customer
794191008,Existing Customer
712938258,Existing Customer
718345233,Attrited Customer
794510358,Existing Customer
778268508,Existing Customer
779707308,Existing Customer
716688183,Attrited Customer
710099358,Existing Customer
712895733,Attrited Customer
710120358,Existing Customer
794562783,Existing Customer
715624533,Existing Customer
771963708,Attrited Customer
708148158,Existing Customer
817247658,Existing Customer
713363583,Existing Customer
720457608,Existing Customer
827476983,Attrited Customer
715941633,Existing Customer
711465333,Existing Customer
714131058,Existing Customer
715447008,Existing Customer
709081683,Existing Customer
708998583,Existing Customer
715717608,Existing Customer
711561933,Existing Customer
711555483,Existing Customer
716702358,Existing Customer
715773783,Attrited Customer
710752233,Attrited Customer
778747608,Existing Customer
717128283,Existing Customer
709729533,Attrited Customer
713937558,Existing Customer
717159858,Existing Customer
720660558,Existing Customer
716636808,Existing Customer
715058433,Existing Customer
719025333,Existing Customer
719325783,Existing Customer
780168333,Existing Customer
779841483,Attrited Customer
708296883,Existing Customer
793889508,Existing Customer
720837708,Existing Customer
721060083,Existing Customer
715278708,Existing Customer
713949858,Attrited Customer
717257658,Existing Customer
779333883,Attrited Customer
711786108,Existing Customer
718651083,Existing Customer
712866933,Existing Customer
719880408,Existing Customer
789497283,Existing Customer
718420308,Existing Customer
778260108,Existing Customer
811989858,Existing Customer
708171858,Existing Customer
789513858,Attrited Customer
712327608,Attrited Customer
712515558,Existing Customer
719018208,Attrited Customer
708971583,Existing Customer
798041508,Attrited Customer
807275733,Existing Customer
716786808,Existing Customer
718188858,Existing Customer
717595908,Existing Customer
802247658,Attrited Customer
709040508,Existing Customer
713206683,Attrited Customer
816608808,Existing Customer
716717733,Attrited Customer
817925058,Existing Customer
718038483,Existing Customer
715291908,Existing Customer
778343958,Existing Customer
714054408,Existing Customer
721086483,Existing Customer
802890333,Existing Customer
737944908,Existing Customer
710164683,Existing Customer
717287883,Existing Customer
785114808,Existing Customer
708793008,Attrited Customer
715080258,Existing Customer
721243083,Attrited Customer
713508333,Existing Customer
785230083,Existing Customer
721396758,Existing Customer
826417233,Existing Customer
716641983,Existing Customer
714241083,Existing Customer
756658083,Existing Customer
714257958,Existing Customer
716811483,Attrited Customer
715528983,Existing Customer
708928008,Existing Customer
708626058,Existing Customer
712389108,Existing Customer
790164408,Existing Customer
737952333,Existing Customer
716094333,Existing Customer
789707433,Existing Customer
807589908,Existing Customer
709868433,Existing Customer
715193433,Existing Customer
713726958,Attrited Customer
719549508,Existing Customer
717132633,Existing Customer
812534958,Existing Customer
716963283,Attrited Customer
716761308,Existing Customer
712110333,Attrited Customer
713328108,Existing Customer
810321933,Existing Customer
719150658,Attrited Customer
772137183,Attrited Customer
712920633,Existing Customer
767023308,Existing Customer
716823408,Existing Customer
772637058,Existing Customer
717904383,Existing Customer
715328658,Attrited Customer
715485483,Existing Customer
714684933,Attrited Customer
717711108,Existing Customer
718941183,Existing Customer
823615983,Attrited Customer
711985833,Existing Customer
808909008,Existing Customer
718279983,Existing Customer
789731433,Existing Customer
712624383,Existing Customer
808527183,Existing Customer
757024233,Existing Customer
710428308,Existing Customer
714365883,Existing Customer
787456608,Existing Customer
720124758,Attrited Customer
709566408,Attrited Customer
710665533,Existing Customer
718267233,Existing Customer
715783758,Existing Customer
717581658,Existing Customer
709224858,Existing Customer
811898133,Existing Customer
712868733,Existing Customer
716984658,Existing Customer
778760808,Existing Customer
712763808,Attrited Customer
818729208,Existing Customer
720730683,Existing Customer
716363658,Existing Customer
710529708,Existing Customer
788776008,Existing Customer
709101258,Attrited Customer
716231133,Existing Customer
718762308,Existing Customer
713705358,Existing Customer
713688933,Existing Customer
710411358,Existing Customer
720135333,Existing Customer
714350658,Existing Customer
710519433,Existing Customer
778425408,Existing Customer
772118583,Existing Customer
713758758,Existing Customer
721305408,Existing Customer
779863533,Existing Customer
708084558,Attrited Customer
718187508,Existing Customer
782802033,Existing Customer
778394358,Existing Customer
711964533,Existing Customer
794962983,Existing Customer
807137808,Existing Customer
718501983,Existing Customer
710785383,Existing Customer
787504158,Existing Customer
708972783,Attrited Customer
715764483,Existing Customer
779293308,Existing Customer
787638408,Existing Customer
709578258,Existing Customer
794068308,Existing Customer
779681433,Attrited Customer
813453408,Existing Customer
772139433,Existing Customer
754851783,Existing Customer
719359458,Existing Customer
720258183,Existing Customer
812618883,Existing Customer
711658758,Existing Customer
709671708,Existing Customer
789095958,Attrited Customer
822132858,Attrited Customer
789407958,Existing Customer
789339633,Existing Customer
718010133,Existing Customer
718373658,Existing Customer
720815208,Attrited Customer
710641008,Attrited Customer
711393483,Existing Customer
785024808,Existing Customer
714991608,Existing Customer
757224108,Existing Customer
711994458,Existing Customer
798045708,Existing Customer
714389058,Existing Customer
711790308,Attrited Customer
713016633,Existing Customer
715612983,Existing Customer
717094758,Existing Customer
719415858,Existing Customer
715085733,Existing Customer
789603183,Existing Customer
715410783,Attrited Customer
708580908,Existing Customer
718208358,Existing Customer
712412958,Existing Customer
793355508,Existing Customer
716675358,Existing Customer
779905008,Attrited Customer
769145733,Existing Customer
708219108,Existing Customer
779942808,Existing Customer
715590258,Existing Customer
717172308,Attrited Customer
717994608,Existing Customer
814364808,Existing Customer
721399833,Existing Customer
779183958,Attrited Customer
710773533,Existing Customer
779722308,Attrited Customer
779557533,Existing Customer
715404783,Existing Customer
719614758,Existing Customer
715462008,Existing Customer
716475183,Existing Customer
784891458,Existing Customer
712372158,Existing Customer
720071583,Attrited Customer
712445583,Existing Customer
710643183,Existing Customer
719506983,Existing Customer
715671183,Attrited Customer
787466808,Existing Customer
711764733,Existing Customer
738406533,Existing Customer
716535408,Existing Customer
718744008,Existing Customer
811713408,Existing Customer
711751533,Existing Customer
718626033,Attrited Customer
712120608,Existing Customer
799731033,Existing Customer
712364283,Existing Customer
718542858,Existing Customer
712291308,Existing Customer
778511733,Existing Customer
783121008,Existing Customer
709423158,Existing Customer
822138333,Existing Customer
712014708,Existing Customer
717822108,Existing Customer
719859033,Existing Customer
708298233,Attrited Customer
719945433,Existing Customer
709626858,Existing Customer
719808558,Attrited Customer
718569258,Existing Customer
818311533,Existing Customer
721023708,Attrited Customer
713593683,Existing Customer
802464033,Existing Customer
779528658,Existing Customer
717663033,Existing Customer
768712383,Attrited Customer
793395933,Existing Customer
767197983,Existing Customer
713872833,Existing Customer
720555483,Existing Customer
721038408,Existing Customer
714948858,Existing Customer
717877533,Existing Customer
715459158,Existing Customer
713399583,Attrited Customer
767280633,Existing Customer
716332533,Existing Customer
717784983,Existing Customer
714708183,Existing Customer
798717783,Existing Customer
788767983,Existing Customer
716670783,Existing Customer
715374558,Existing Customer
778992108,Existing Customer
715354983,Existing Customer
789191358,Existing Customer
710211783,Attrited Customer
708486033,Existing Customer
721433283,Existing Customer
715192308,Existing Customer
717979008,Existing Customer
773503308,Existing Customer
716089983,Existing Customer
772569033,Existing Customer
757643733,Existing Customer
713755458,Attrited Customer
716251608,Existing Customer
716973333,Existing Customer
714965958,Existing Customer
795155433,Existing Customer
711925608,Existing Customer
720377433,Existing Customer
710241858,Existing Customer
720909408,Existing Customer
787550808,Existing Customer
710382108,Existing Customer
709042908,Attrited Customer
788788758,Existing Customer
713131158,Attrited Customer
813804783,Existing Customer
712789383,Existing Customer
709208808,Existing Customer
711521958,Existing Customer
714919308,Attrited Customer
785529708,Existing Customer
708722583,Existing Customer
715864983,Existing Customer
712010358,Attrited Customer
709143183,Attrited Customer
717548358,Existing Customer
716136333,Attrited Customer
719445633,Existing Customer
812493033,Existing Customer
720432858,Existing Customer
789266208,Existing Customer
719843958,Existing Customer
709253433,Attrited Customer
710570058,Attrited Customer
720370533,Attrited Customer
788780958,Existing Customer
714643983,Existing Customer
715250583,Existing Customer
709288383,Existing Customer
718096608,Existing Customer
779922183,Existing Customer
714968208,Existing Customer
787513533,Existing Customer
717843783,Existing Customer
712589658,Existing Customer
822905058,Existing Customer
714766383,Existing Customer
717637908,Existing Customer
714527433,Attrited Customer
708243483,Existing Customer
711112683,Existing Customer
778567983,Existing Customer
819612933,Existing Customer
720897783,Existing Customer
794054058,Existing Customer
713463708,Attrited Customer
714522258,Existing Customer
720615708,Existing Customer
779401233,Existing Customer
708757233,Existing Customer
709564683,Attrited Customer
721498008,Existing Customer
718001508,Existing Customer
712138008,Existing Customer
708654933,Attrited Customer
716194683,Existing Customer
709207458,Existing Customer
779468808,Existing Customer
708768258,Existing Customer
714560358,Existing Customer
779725833,Existing Customer
715469583,Existing Customer
713930433,Attrited Customer
717585858,Existing Customer
717987258,Existing Customer
708824958,Existing Customer
827635083,Existing Customer
715351983,Existing Customer
768612258,Existing Customer
708170508,Attrited Customer
721395633,Existing Customer
784795083,Existing Customer
718595583,Existing Customer
720344658,Existing Customer
720356133,Existing Customer
769438608,Attrited Customer
720452508,Existing Customer
710375283,Existing Customer
809844108,Existing Customer
755212608,Existing Customer
717592758,Attrited Customer
711278283,Existing Customer
772054458,Existing Customer
778908783,Existing Customer
711822933,Existing Customer
812420358,Attrited Customer
720729108,Existing Customer
766381908,Existing Customer
711505308,Existing Customer
720712533,Existing Customer
717534108,Existing Customer
717023508,Existing Customer
789777408,Existing Customer
712737108,Existing Customer
789433758,Existing Customer
771503958,Existing Customer
713745783,Existing Customer
712557708,Existing Customer
779611008,Existing Customer
779506158,Existing Customer
716477133,Existing Customer
772268058,Existing Customer
794664183,Existing Customer
822902508,Existing Customer
770920908,Existing Customer
712700358,Existing Customer
715174158,Existing Customer
817197333,Existing Customer
771742533,Existing Customer
789415983,Existing Customer
718882008,Existing Customer
715583283,Existing Customer
779480658,Existing Customer
709887483,Existing Customer
711890808,Existing Customer
780390108,Existing Customer
801715383,Attrited Customer
716403633,Existing Customer
708271833,Existing Customer
822125283,Existing Customer
721397808,Existing Customer
712524858,Existing Customer
708269583,Existing Customer
779703258,Existing Customer
711342483,Existing Customer
718152333,Attrited Customer
737962608,Existing Customer
711013983,Attrited Customer
715413483,Existing Customer
708689958,Existing Customer
714496083,Existing Customer
718980633,Existing Customer
794560833,Attrited Customer
712154883,Existing Customer
709501683,Existing Customer
779837808,Existing Customer
790139583,Existing Customer
720169383,Existing Customer
709531908,Attrited Customer
714840858,Existing Customer
779870883,Existing Customer
710797833,Existing Customer
823648983,Existing Customer
804649833,Existing Customer
716647983,Existing Customer
711694083,Existing Customer
716543433,Existing Customer
715037133,Existing Customer
772172883,Existing Customer
711873033,Existing Customer
813967983,Existing Customer
711673983,Existing Customer
714520233,Attrited Customer
721163133,Existing Customer
718394658,Existing Customer
719841708,Existing Customer
709618308,Existing Customer
708731658,Attrited Customer
711017433,Existing Customer
710892408,Existing Customer
710749458,Existing Customer
716944983,Existing Customer
717136533,Existing Customer
712089108,Existing Customer
710581758,Existing Customer
714217908,Existing Customer
769137108,Attrited Customer
716027208,Existing Customer
779514558,Existing Customer
780581508,Existing Customer
789504183,Existing Customer
709814883,Existing Customer
772658658,Existing Customer
712688433,Existing Customer
709170108,Attrited Customer
714725883,Existing Customer
715090008,Existing Customer
715435758,Existing Customer
759127158,Existing Customer
717990183,Existing Customer
714951858,Existing Customer
720017958,Existing Customer
708846183,Existing Customer
811965558,Attrited Customer
739021908,Existing Customer
709621008,Existing Customer
812671758,Attrited Customer
818701383,Existing Customer
710453283,Existing Customer
712142733,Existing Customer
720827133,Existing Customer
778245633,Existing Customer
735825258,Existing Customer
778420383,Existing Customer
720084183,Existing Customer
803398983,Existing Customer
794784633,Existing Customer
713025558,Attrited Customer
821768658,Attrited Customer
788544108,Existing Customer
709668408,Existing Customer
711551958,Attrited Customer
710074458,Existing Customer
792272658,Existing Customer
818791833,Existing Customer
708535158,Existing Customer
713441958,Existing Customer
713668158,Attrited Customer
709429533,Existing Customer
716671983,Existing Customer
717190533,Existing Customer
713679633,Attrited Customer
712617408,Existing Customer
713446083,Existing Customer
716462658,Existing Customer
714677583,Attrited Customer
779920533,Existing Customer
709770408,Existing Customer
713063958,Existing Customer
712620858,Existing Customer
716002458,Existing Customer
719078283,Existing Customer
718299933,Existing Customer
715649358,Attrited Customer
714811533,Existing Customer
708423933,Existing Customer
788630958,Existing Customer
811081083,Existing Customer
714576183,Existing Customer
826451433,Existing Customer
718586133,Existing Customer
712184133,Existing Customer
743912958,Existing Customer
719270358,Existing Customer
788868858,Existing Customer
717483558,Existing Customer
779299233,Existing Customer
716362008,Existing Customer
771809733,Attrited Customer
709997958,Attrited Customer
720340383,Existing Customer
779247483,Attrited Customer
827318958,Existing Customer
719239158,Existing Customer
710013258,Existing Customer
769974258,Existing Customer
716436483,Attrited Customer
823578483,Existing Customer
709619433,Existing Customer
716757033,Existing Customer
747885858,Existing Customer
708980283,Existing Customer
719473458,Existing Customer
779342958,Existing Customer
768655158,Existing Customer
717678408,Existing Customer
767835558,Existing Customer
789525408,Existing Customer
788756133,Existing Customer
714987633,Existing Customer
780326883,Existing Customer
788876208,Existing Customer
719178183,Existing Customer
719165508,Existing Customer
712003083,Existing Customer
716575758,Attrited Customer
712497783,Existing Customer
771232533,Existing Customer
709273383,Existing Customer
712900308,Attrited Customer
712966458,Existing Customer
719787633,Existing Customer
710997183,Existing Customer
825785508,Existing Customer
789052308,Existing Customer
714834258,Existing Customer
711183558,Existing Customer
821356083,Existing Customer
714672933,Existing Customer
721202058,Existing Customer
720689583,Existing Customer
721313808,Existing Customer
817977933,Existing Customer
712149033,Existing Customer
716256483,Existing Customer
719849958,Existing Customer
719502183,Existing Customer
815484783,Existing Customer
772721208,Existing Customer
813573333,Existing Customer
711963183,Existing Customer
720313083,Existing Customer
709922508,Existing Customer
719085933,Existing Customer
820587258,Attrited Customer
788996058,Existing Customer
779016408,Existing Customer
710779083,Existing Customer
827440458,Existing Customer
712171158,Existing Customer
772687983,Existing Customer
708917133,Existing Customer
708344358,Existing Customer
772457583,Existing Customer
780032208,Attrited Customer
807244983,Existing Customer
712181658,Existing Customer
815308683,Existing Customer
709210833,Existing Customer
714014733,Existing Customer
718433508,Existing Customer
710729358,Attrited Customer
716896833,Existing Customer
720204558,Existing Customer
770952933,Existing Customer
717699408,Existing Customer
715225458,Existing Customer
716118633,Existing Customer
713642133,Existing Customer
713585958,Attrited Customer
713833233,Existing Customer
708419733,Attrited Customer
721332033,Existing Customer
714202008,Attrited Customer
717405408,Existing Customer
713519508,Existing Customer
711231558,Existing Customer
708358683,Existing Customer
714427608,Existing Customer
716142858,Existing Customer
710178558,Attrited Customer
710527533,Attrited Customer
709837308,Existing Customer
769196433,Existing Customer
720033033,Existing Customer
712236483,Existing Customer
711305208,Existing Customer
794675058,Existing Customer
779656908,Existing Customer
716645883,Existing Customer
813200058,Existing Customer
789310833,Existing Customer
770708133,Existing Customer
709432833,Existing Customer
715839708,Existing Customer
720795858,Existing Customer
808967883,Existing Customer
709229358,Existing Customer
710808108,Existing Customer
822051858,Existing Customer
719737833,Existing Customer
720695583,Existing Customer
797238108,Existing Customer
812443458,Existing Customer
719260608,Existing Customer
716112933,Attrited Customer
708660408,Attrited Customer
713279808,Existing Customer
714109308,Existing Customer
713682708,Existing Customer
713931258,Attrited Customer
711173058,Existing Customer
709179708,Existing Customer
709000008,Existing Customer
773275083,Existing Customer
710563458,Existing Customer
778888083,Attrited Customer
721425558,Attrited Customer
798783858,Existing Customer
787457883,Existing Customer
753856008,Existing Customer
719324658,Existing Customer
717855933,Existing Customer
804606033,Existing Customer
789197508,Existing Customer
826490133,Existing Customer
718843608,Existing Customer
772031733,Existing Customer
710342508,Existing Customer
791856033,Attrited Customer
716321583,Existing Customer
718949433,Existing Customer
708281433,Existing Customer
771693933,Existing Customer
714878508,Attrited Customer
826148883,Existing Customer
717100833,Existing Customer
773073558,Existing Customer
708161133,Existing Customer
718732833,Existing Customer
715515333,Existing Customer
709279608,Existing Customer
779051808,Existing Customer
709876008,Existing Customer
718923858,Existing Customer
715491483,Existing Customer
720537633,Existing Customer
716513358,Existing Customer
826077033,Attrited Customer
819631158,Existing Customer
716216958,Existing Customer
809363958,Existing Customer
772684833,Existing Customer
817236708,Existing Customer
788159433,Existing Customer
721509558,Existing Customer
721000833,Existing Customer
712429458,Existing Customer
789541458,Existing Customer
710371683,Existing Customer
779450958,Existing Customer
778155558,Existing Customer
716736858,Existing Customer
719343633,Existing Customer
721004133,Existing Customer
805313808,Attrited Customer
713815383,Attrited Customer
789124683,Existing Customer
714931458,Existing Customer
709505808,Attrited Customer
708522033,Existing Customer
711152658,Existing Customer
803342358,Existing Customer
715195383,Existing Customer
708153558,Existing Customer
720531633,Attrited Customer
719098308,Attrited Customer
721365033,Attrited Customer
769100508,Existing Customer
717722958,Existing Customer
713723433,Existing Customer
780769308,Existing Customer
714871683,Attrited Customer
713732883,Existing Customer
713872008,Existing Customer
714264408,Existing Customer
712822758,Existing Customer
714513033,Existing Customer
712500933,Existing Customer
717338733,Existing Customer
709945458,Existing Customer
718161708,Existing Customer
778623858,Existing Customer
712507758,Existing Customer
807157833,Existing Customer
773257233,Existing Customer
713220258,Existing Customer
716754783,Attrited Customer
708099183,Existing Customer
713339283,Existing Customer
711634008,Existing Customer
713489358,Existing Customer
711783483,Existing Customer
821889858,Attrited Customer
710814633,Existing Customer
716899233,Existing Customer
710416533,Existing Customer
720756708,Existing Customer
769962933,Existing Customer
715993608,Existing Customer
714851058,Existing Customer
718637208,Existing Customer
717233058,Existing Customer
717299958,Existing Customer
708290208,Existing Customer
754671558,Existing Customer
712607583,Existing Customer
827436483,Existing Customer
720072933,Existing Customer
711012783,Attrited Customer
753795633,Existing Customer
709079883,Attrited Customer
710926383,Existing Customer
716635758,Existing Customer
713613258,Existing Customer
711607833,Existing Customer
715369008,Existing Customer
719911458,Existing Customer
817616433,Existing Customer
719967708,Existing Customer
710536983,Existing Customer
787547208,Existing Customer
715339758,Existing Customer
817970208,Existing Customer
710832108,Existing Customer
716908158,Existing Customer
719154483,Existing Customer
787509408,Existing Customer
719182308,Existing Customer
721049658,Existing Customer
717262833,Existing Customer
715510683,Existing Customer
718109808,Existing Customer
804658833,Existing Customer
714418158,Existing Customer
774675933,Existing Customer
715904433,Attrited Customer
755943033,Existing Customer
713209308,Existing Customer
720995583,Existing Customer
811721133,Existing Customer
719051733,Existing Customer
715694433,Existing Customer
715057383,Existing Customer
771912408,Existing Customer
714124983,Existing Customer
771942333,Existing Customer
789666333,Existing Customer
714957108,Existing Customer
780865308,Existing Customer
772148058,Attrited Customer
766795983,Existing Customer
713370033,Attrited Customer
801518958,Existing Customer
803113383,Attrited Customer
712335858,Existing Customer
711627558,Existing Customer
717028158,Existing Customer
739692933,Existing Customer
716341833,Existing Customer
719594433,Existing Customer
786557358,Existing Customer
714731208,Existing Customer
715148658,Existing Customer
711151383,Attrited Customer
709446783,Existing Customer
779447358,Existing Customer
713444058,Existing Customer
779502333,Attrited Customer
819202533,Existing Customer
720303933,Existing Customer
794947683,Existing Customer
708434733,Existing Customer
715237683,Existing Customer
772166058,Existing Customer
716989683,Existing Customer
714531108,Existing Customer
711762408,Existing Customer
709176108,Existing Customer
787596558,Existing Customer
771725808,Existing Customer
721008933,Existing Customer
712993008,Existing Customer
712231308,Existing Customer
721250358,Existing Customer
716909283,Existing Customer
716756133,Existing Customer
708186933,Existing Customer
712263258,Existing Customer
820981383,Existing Customer
714691683,Existing Customer
708863733,Existing Customer
712841883,Existing Customer
708856983,Attrited Customer
720852108,Existing Customer
719722308,Existing Customer
715127208,Existing Customer
711525033,Existing Customer
715072533,Existing Customer
709045683,Existing Customer
779320983,Existing Customer
716570958,Attrited Customer
708152358,Existing Customer
712350858,Existing Customer
790102008,Existing Customer
710620383,Existing Customer
709398708,Existing Customer
720085233,Attrited Customer
712300683,Existing Customer
709984083,Existing Customer
709581483,Attrited Customer
709883883,Existing Customer
709979583,Existing Customer
719256483,Existing Customer
717370533,Existing Customer
821339433,Existing Customer
779141658,Existing Customer
758382183,Existing Customer
718538958,Existing Customer
714744783,Existing Customer
713032233,Existing Customer
719672283,Existing Customer
715533108,Existing Customer
711646908,Attrited Customer
713741358,Attrited Customer
718641483,Existing Customer
713686008,Existing Customer
720064158,Existing Customer
708874533,Attrited Customer
720677733,Existing Customer
717956283,Existing Customer
714892533,Existing Customer
709703433,Existing Customer
827712108,Existing Customer
708536283,Existing Customer
809631483,Existing Customer
713516433,Existing Customer
714722808,Existing Customer
770766633,Existing Customer
717385983,Existing Customer
771492408,Existing Customer
714972558,Attrited Customer
717531483,Existing Customer
720771933,Existing Customer
808756458,Existing Customer
720935658,Existing Customer
789670533,Existing Customer
718870158,Existing Customer
709372608,Existing Customer
771752508,Existing Customer
826261008,Attrited Customer
811076883,Existing Customer
816613158,Existing Customer
713492583,Attrited Customer
715588008,Existing Customer
712237458,Existing Customer
713241033,Existing Customer
712555233,Existing Customer
720717108,Existing Customer
716368008,Attrited Customer
772063308,Existing Customer
771735933,Existing Customer
720572508,Existing Customer
716106108,Existing Customer
718806783,Attrited Customer
712701333,Existing Customer
719873808,Existing Customer
790204983,Existing Customer
718016808,Existing Customer
711745233,Attrited Customer
714121983,Existing Customer
718212633,Existing Customer
714690633,Existing Customer
710364258,Existing Customer
718298733,Existing Customer
714080433,Existing Customer
788808633,Existing Customer
717265983,Existing Customer
747551658,Existing Customer
712392108,Existing Customer
711338058,Existing Customer
709134333,Existing Customer
778461408,Existing Customer
710263608,Existing Customer
778573233,Existing Customer
794462133,Existing Customer
765459858,Attrited Customer
720620058,Existing Customer
709713033,Attrited Customer
771833433,Attrited Customer
719608308,Existing Customer
712036383,Attrited Customer
716372358,Existing Customer
803366358,Existing Customer
770632758,Existing Customer
717602733,Existing Customer
712939533,Existing Customer
714616308,Existing Customer
719751483,Attrited Customer
715190283,Existing Customer
708996708,Existing Customer
715623483,Existing Customer
716758008,Existing Customer
715155033,Existing Customer
715227633,Existing Customer
789959283,Existing Customer
779508333,Existing Customer
709674333,Existing Customer
718306308,Existing Customer
825767658,Existing Customer
711706458,Existing Customer
709407933,Existing Customer
721003008,Attrited Customer
758653833,Existing Customer
719264058,Existing Customer
716353083,Existing Customer
716869458,Existing Customer
718460958,Existing Customer
780551733,Existing Customer
721181883,Existing Customer
720248208,Existing Customer
827341383,Existing Customer
712517808,Existing Customer
779338683,Existing Customer
803418783,Existing Customer
779925033,Existing Customer
709410033,Existing Customer
714790008,Attrited Customer
720016308,Existing Customer
710793783,Existing Customer
815589558,Existing Customer
708506508,Existing Customer
771486933,Existing Customer
779577108,Existing Customer
785262333,Existing Customer
721147383,Existing Customer
719446833,Existing Customer
719826333,Attrited Customer
714036258,Existing Customer
778353183,Existing Customer
710840433,Existing Customer
719767683,Attrited Customer
766821033,Existing Customer
714697533,Existing Customer
716358033,Existing Customer
771723408,Attrited Customer
780036483,Existing Customer
796990908,Existing Customer
714373308,Existing Customer
806244183,Existing Customer
771460158,Existing Customer
718368333,Existing Customer
711560058,Existing Customer
708596283,Existing Customer
717985158,Existing Customer
710813733,Existing Customer
715908558,Existing Customer
789479058,Existing Customer
718338708,Existing Customer
788989083,Existing Customer
720563958,Existing Customer
719770158,Attrited Customer
712114458,Existing Customer
715009833,Existing Customer
708927108,Attrited Customer
720413658,Existing Customer
718746933,Existing Customer
716625033,Attrited Customer
711371208,Existing Customer
772162683,Existing Customer
714668433,Existing Customer
713639958,Existing Customer
718123608,Existing Customer
714069858,Existing Customer
827619933,Existing Customer
720612333,Attrited Customer
816606333,Existing Customer
710410158,Attrited Customer
708332808,Existing Customer
712509108,Attrited Customer
710194683,Existing Customer
708699108,Existing Customer
712434708,Attrited Customer
720043533,Existing Customer
713437008,Attrited Customer
710626758,Existing Customer
720655833,Existing Customer
717730533,Existing Customer
721084833,Existing Customer
828236133,Existing Customer
752604633,Attrited Customer
721437333,Attrited Customer
710153583,Attrited Customer
709028208,Existing Customer
714997683,Existing Customer
721480158,Attrited Customer
708158133,Attrited Customer
822130683,Existing Customer
790221633,Existing Customer
720422358,Existing Customer
711203658,Existing Customer
714868608,Existing Customer
720515883,Existing Customer
710722908,Existing Customer
709690158,Existing Customer
713857758,Attrited Customer
718984533,Existing Customer
715212108,Existing Customer
801700233,Existing Customer
814833408,Existing Customer
715440558,Existing Customer
714533058,Existing Customer
709858533,Existing Customer
716961933,Existing Customer
720357483,Existing Customer
789817833,Existing Customer
715488483,Existing Customer
709029408,Existing Customer
721294533,Existing Customer
779008158,Existing Customer
714097683,Attrited Customer
713940033,Existing Customer
709166883,Existing Customer
709879458,Existing Customer
711635358,Existing Customer
718561458,Existing Customer
713315433,Existing Customer
812446158,Existing Customer
789087858,Existing Customer
758965158,Existing Customer
717399183,Existing Customer
792995808,Existing Customer
827631483,Existing Customer
716988633,Existing Customer
709802208,Existing Customer
788980983,Existing Customer
716483358,Existing Customer
769587258,Existing Customer
713634108,Existing Customer
712815858,Existing Customer
812979408,Existing Customer
711478233,Existing Customer
716019333,Existing Customer
787268733,Existing Customer
719960133,Existing Customer
816078708,Existing Customer
779848383,Attrited Customer
717255333,Attrited Customer
779873508,Existing Customer
710201058,Existing Customer
788709408,Existing Customer
767564358,Existing Customer
713670333,Existing Customer
771108933,Existing Customer
714693708,Existing Customer
767574108,Existing Customer
715550508,Existing Customer
789235383,Existing Customer
755953308,Existing Customer
711907083,Existing Customer
715161633,Existing Customer
772590408,Existing Customer
788252358,Existing Customer
772334133,Existing Customer
709257708,Existing Customer
720618033,Existing Customer
771067308,Existing Customer
789491058,Existing Customer
720906033,Existing Customer
789964983,Attrited Customer
715261458,Existing Customer
803657133,Existing Customer
820848408,Existing Customer
710841183,Existing Customer
716108283,Existing Customer
713773458,Existing Customer
780704358,Existing Customer
711144183,Attrited Customer
805543158,Existing Customer
778720533,Attrited Customer
821837958,Existing Customer
708697983,Existing Customer
715549158,Existing Customer
710370483,Existing Customer
804829533,Attrited Customer
818993508,Existing Customer
713036208,Existing Customer
785055108,Existing Customer
721212258,Existing Customer
721306908,Existing Customer
717541308,Existing Customer
758833758,Existing Customer
824789283,Existing Customer
719089383,Existing Customer
713592408,Existing Customer
793379058,Existing Customer
710719683,Existing Customer
721150833,Existing Customer
709606158,Existing Customer
720000708,Existing Customer
719630358,Attrited Customer
758408883,Existing Customer
718909158,Existing Customer
719523108,Existing Customer
708272808,Existing Customer
745853283,Existing Customer
779739783,Existing Customer
717348258,Existing Customer
813964383,Existing Customer
789158433,Existing Customer
714979383,Existing Customer
735008958,Existing Customer
780064983,Existing Customer
780094008,Existing Customer
714823308,Existing Customer
751563933,Existing Customer
778868958,Attrited Customer
715029333,Existing Customer
719084358,Attrited Customer
719169783,Existing Customer
826061508,Existing Customer
708371733,Existing Customer
720068808,Existing Customer
716151858,Existing Customer
709823733,Attrited Customer
716296833,Existing Customer
720445533,Existing Customer
757481283,Existing Customer
717457008,Attrited Customer
793456983,Existing Customer
819752133,Existing Customer
717307158,Existing Customer
771204108,Existing Customer
711333933,Existing Customer
710639658,Attrited Customer
789945933,Existing Customer
712410858,Existing Customer
778968408,Existing Customer
756371058,Existing Customer
771819258,Existing Customer
779130108,Existing Customer
820648608,Existing Customer
710865633,Existing Customer
778447908,Existing Customer
714393708,Existing Customer
711970533,Existing Customer
806694333,Existing Customer
789432033,Attrited Customer
815727183,Existing Customer
814829583,Existing Customer
720943308,Existing Customer
718774533,Existing Customer
787937058,Existing Customer
779456508,Existing Customer
802875333,Existing Customer
709632483,Existing Customer
797668983,Existing Customer
710170758,Attrited Customer
713891133,Attrited Customer
718444233,Existing Customer
712689333,Existing Customer
710947683,Existing Customer
778506633,Attrited Customer
716382708,Existing Customer
719986758,Attrited Customer
812973708,Existing Customer
797495958,Existing Customer
711225933,Existing Customer
721338783,Existing Customer
780241758,Existing Customer
771349458,Existing Customer
715675458,Existing Customer
798238008,Existing Customer
711157833,Existing Customer
714882258,Existing Customer
712315683,Existing Customer
789539058,Existing Customer
712190358,Existing Customer
713542908,Existing Customer
713187033,Existing Customer
716354883,Attrited Customer
720736608,Existing Customer
713163258,Attrited Customer
717443658,Existing Customer
715545933,Existing Customer
713013483,Existing Customer
709080783,Existing Customer
718291233,Existing Customer
720275358,Attrited Customer
780089658,Existing Customer
709693833,Attrited Customer
719535558,Existing Customer
709987683,Attrited Customer
789586833,Existing Customer
718977483,Existing Customer
806179683,Existing Customer
778563858,Existing Customer
780613758,Existing Customer
772155108,Existing Customer
716709858,Attrited Customer
826706208,Existing Customer
713382558,Existing Customer
708416433,Attrited Customer
719410083,Existing Customer
718951683,Existing Customer
779625858,Existing Customer
793736958,Existing Customer
779435883,Existing Customer
771669183,Existing Customer
718103733,Existing Customer
716471508,Existing Customer
766456683,Existing Customer
780073158,Existing Customer
720237408,Existing Customer
718894233,Existing Customer
788846508,Existing Customer
714525633,Existing Customer
708301683,Attrited Customer
721063533,Existing Customer
720768258,Existing Customer
801037833,Existing Customer
768490458,Attrited Customer
709284333,Existing Customer
710475408,Existing Customer
716199408,Attrited Customer
715474083,Existing Customer
767388783,Existing Customer
710971908,Existing Customer
714250908,Attrited Customer
819966033,Existing Customer
710325258,Existing Customer
718846008,Existing Customer
712370208,Existing Customer
713743158,Existing Customer
708740808,Existing Customer
714011358,Existing Customer
711050058,Existing Customer
718994583,Existing Customer
720711483,Attrited Customer
715987758,Existing Customer
779882508,Existing Customer
718957083,Existing Customer
713003358,Attrited Customer
713629533,Existing Customer
711893358,Existing Customer
711336033,Existing Customer
779320008,Attrited Customer
716766033,Existing Customer
713274183,Existing Customer
798158808,Existing Customer
824915208,Existing Customer
710579583,Existing Customer
716558283,Existing Customer
818814933,Existing Customer
719910333,Existing Customer
721045608,Existing Customer
788826408,Existing Customer
718146258,Existing Customer
788747358,Existing Customer
709345008,Attrited Customer
708393633,Existing Customer
709869708,Existing Customer
709094358,Existing Customer
710616183,Existing Customer
711237633,Attrited Customer
711588708,Attrited Customer
713971608,Existing Customer
709275558,Existing Customer
710061783,Existing Customer
716835033,Existing Customer
709669533,Existing Customer
709243533,Existing Customer
821157183,Existing Customer
755305683,Existing Customer
714503433,Attrited Customer
713019783,Existing Customer
712107783,Existing Customer
721384308,Existing Customer
718316058,Existing Customer
714178458,Existing Customer
719174433,Attrited Customer
788199858,Existing Customer
755661933,Attrited Customer
822068583,Existing Customer
708155733,Existing Customer
712602708,Attrited Customer
720840108,Existing Customer
717016833,Existing Customer
712943508,Existing Customer
713124558,Existing Customer
718837683,Attrited Customer
789990333,Existing Customer
783625008,Existing Customer
784998108,Existing Customer
713790708,Existing Customer
717166383,Existing Customer
779598183,Existing Customer
715615233,Existing Customer
708680583,Existing Customer
714006333,Attrited Customer
721027083,Existing Customer
710082708,Existing Customer
721220583,Existing Customer
712322058,Existing Customer
716303583,Existing Customer
769206483,Existing Customer
708108333,Attrited Customer
826762908,Existing Customer
710784333,Existing Customer
714571008,Existing Customer
805259733,Attrited Customer
772472208,Existing Customer
720700008,Existing Customer
771079833,Existing Customer
709012083,Existing Customer
712055433,Existing Customer
716705433,Existing Customer
709366458,Existing Customer
712636308,Existing Customer
807971658,Existing Customer
714286383,Existing Customer
718252533,Existing Customer
721252683,Existing Customer
788824083,Existing Customer
714519408,Attrited Customer
793473033,Existing Customer
717769008,Existing Customer
715812258,Existing Customer
756488883,Existing Customer
813499458,Attrited Customer
771081558,Existing Customer
708960858,Existing Customer
711740508,Existing Customer
711274458,Attrited Customer
789925833,Existing Customer
807349158,Existing Customer
714368883,Existing Customer
818926833,Existing Customer
712246983,Existing Customer
804426858,Existing Customer
715728108,Existing Customer
719536608,Existing Customer
806917983,Existing Customer
717364458,Existing Customer
751143858,Existing Customer
779954658,Existing Customer
772442883,Attrited Customer
779974758,Existing Customer
794543958,Existing Customer
710449983,Existing Customer
787685658,Existing Customer
713476758,Existing Customer
718037433,Existing Customer
827049558,Existing Customer
712941483,Attrited Customer
717908208,Existing Customer
779219208,Existing Customer
771474108,Existing Customer
771183933,Existing Customer
708884658,Existing Customer
717073308,Existing Customer
708805908,Attrited Customer
712545183,Existing Customer
818305008,Existing Customer
710872233,Existing Customer
771453033,Existing Customer
720642633,Existing Customer
717125958,Existing Customer
708784083,Existing Customer
709589208,Existing Customer
710142258,Existing Customer
770220558,Attrited Customer
712630608,Existing Customer
771499233,Existing Customer
718675158,Attrited Customer
718582158,Existing Customer
801369258,Existing Customer
721493883,Existing Customer
717151383,Existing Customer
713852958,Existing Customer
712998033,Existing Customer
719709558,Existing Customer
717613233,Existing Customer
788997408,Existing Customer
716692683,Existing Customer
708744933,Existing Customer
714635883,Existing Customer
720379533,Attrited Customer
716837508,Existing Customer
712513458,Existing Customer
712092783,Attrited Customer
789780033,Existing Customer
716716083,Existing Customer
720809358,Existing Customer
789164283,Existing Customer
716995083,Existing Customer
712102983,Existing Customer
768733533,Existing Customer
716404383,Attrited Customer
721448283,Attrited Customer
713503983,Existing Customer
710327508,Existing Customer
710004933,Existing Customer
716870583,Existing Customer
709426608,Existing Customer
807523008,Existing Customer
709064208,Attrited Customer
721402233,Existing Customer
720231108,Attrited Customer
712200033,Existing Customer
720818658,Existing Customer
713239308,Existing Customer
710349258,Existing Customer
713761608,Existing Customer
771338658,Existing Customer
766006758,Existing Customer
719341683,Existing Customer
788142483,Existing Customer
787441383,Existing Customer
827703258,Existing Customer
710188308,Existing Customer
716116383,Existing Customer
720961383,Attrited Customer
709850508,Existing Customer
823566408,Existing Customer
720518283,Existing Customer
717903108,Existing Customer
778459833,Existing Customer
709560258,Attrited Customer
716682258,Existing Customer
799720158,Existing Customer
789575583,Existing Customer
819351258,Existing Customer
813895458,Existing Customer
709140858,Existing Customer
712228458,Existing Customer
715548183,Existing Customer
711468708,Attrited Customer
713233908,Existing Customer
721039308,Existing Customer
721349883,Existing Customer
718808883,Existing Customer
780833058,Existing Customer
803880108,Existing Customer
717384183,Existing Customer
714495258,Existing Customer
771431133,Existing Customer
716096358,Existing Customer
715769958,Existing Customer
708100533,Existing Customer
720507108,Attrited Customer
710574558,Existing Customer
716107158,Existing Customer
780727833,Existing Customer
769463433,Existing Customer
719337408,Existing Customer
715321008,Attrited Customer
813952233,Existing Customer
779041983,Existing Customer
750995508,Attrited Customer
718292283,Existing Customer
712058958,Existing Customer
714706083,Existing Customer
757722708,Existing Customer
720186258,Existing Customer
749722908,Existing Customer
715352883,Existing Customer
719714658,Attrited Customer
710162133,Attrited Customer
716304483,Existing Customer
719819958,Existing Customer
719627133,Existing Customer
714013083,Existing Customer
709567758,Existing Customer
754968033,Existing Customer
789172683,Existing Customer
809849358,Attrited Customer
715466133,Existing Customer
771886233,Existing Customer
709935708,Existing Customer
716537433,Existing Customer
715209333,Existing Customer
780105483,Attrited Customer
717823383,Existing Customer
720988083,Existing Customer
796326483,Existing Customer
714407058,Existing Customer
770590758,Existing Customer
711184983,Existing Customer
715041333,Existing Customer
714909108,Existing Customer
714529233,Existing Customer
713455233,Existing Customer
778407033,Existing Customer
788898933,Existing Customer
795991758,Existing Customer
709946658,Existing Customer
712144158,Existing Customer
718133733,Existing Customer
817663908,Existing Customer
809276808,Existing Customer
709571958,Existing Customer
720592533,Attrited Customer
720734583,Existing Customer
716452908,Existing Customer
719206308,Existing Customer
711566208,Existing Customer
719845908,Existing Customer
778348233,Existing Customer
807226683,Existing Customer
708104658,Existing Customer
714959358,Attrited Customer
721217283,Existing Customer
717928308,Existing Customer
708482658,Existing Customer
715178733,Existing Customer
717185658,Attrited Customer
718487958,Existing Customer
710592933,Existing Customer
796336833,Attrited Customer
711199908,Existing Customer
718199133,Existing Customer
763895958,Attrited Customer
711529383,Existing Customer
771922008,Existing Customer
783554958,Existing Customer
711379083,Existing Customer
721361433,Existing Customer
716414958,Existing Customer
719449533,Attrited Customer
809976033,Existing Customer
719470458,Attrited Customer
712681608,Existing Customer
713029683,Existing Customer
797757333,Existing Customer
715657833,Existing Customer
716624133,Existing Customer
720289533,Existing Customer
717596883,Existing Customer
712839633,Existing Customer
770268933,Existing Customer
720920058,Existing Customer
717096858,Existing Customer
779307558,Existing Customer
711569433,Existing Customer
771594783,Attrited Customer
712642533,Existing Customer
713242383,Existing Customer
711458583,Existing Customer
716890533,Existing Customer
711637458,Attrited Customer
787301208,Existing Customer
779612808,Existing Customer
789820308,Existing Customer
713056083,Existing Customer
714305508,Existing Customer
779533983,Existing Customer
720844008,Existing Customer
718025808,Existing Customer
720092283,Existing Customer
778722033,Existing Customer
820346133,Existing Customer
715026258,Existing Customer
716037708,Existing Customer
717390408,Attrited Customer
718384233,Existing Customer
755365233,Existing Customer
715986258,Existing Customer
720430083,Existing Customer
711862533,Attrited Customer
717297708,Existing Customer
715585158,Existing Customer
711825558,Existing Customer
771844458,Existing Customer
718362783,Attrited Customer
789008508,Existing Customer
815845758,Existing Customer
715196508,Existing Customer
714786483,Existing Customer
796174983,Existing Customer
712297683,Attrited Customer
716805408,Existing Customer
716284308,Existing Customer
720666333,Existing Customer
767049258,Existing Customer
714169083,Existing Customer
715252383,Existing Customer
823904133,Attrited Customer
709615458,Existing Customer
710376708,Existing Customer
802101858,Existing Customer
719773158,Existing Customer
715008858,Existing Customer
714779733,Existing Customer
719381733,Existing Customer
772514808,Existing Customer
710607408,Existing Customer
771180033,Existing Customer
716871633,Existing Customer
708557358,Existing Customer
788802483,Existing Customer
720707283,Existing Customer
716390958,Attrited Customer
711909933,Existing Customer
710003958,Existing Customer
779931783,Attrited Customer
716225433,Existing Customer
714077583,Attrited Customer
712332183,Existing Customer
712665633,Existing Customer
773322558,Existing Customer
710829108,Existing Customer
721347408,Existing Customer
708702258,Attrited Customer
713368833,Existing Customer
716127333,Attrited Customer
716455683,Existing Customer
712820208,Existing Customer
821336133,Existing Customer
770769483,Existing Customer
709928358,Attrited Customer
720770883,Attrited Customer
780717483,Existing Customer
716023533,Existing Customer
720807183,Existing Customer
718423533,Existing Customer
715416633,Existing Customer
735565158,Existing Customer
778340733,Existing Customer
716689383,Existing Customer
788730933,Existing Customer
770278833,Existing Customer
711348033,Existing Customer
708579633,Existing Customer
820268358,Existing Customer
710674533,Attrited Customer
716516208,Existing Customer
713766183,Existing Customer
717291333,Existing Customer
778894233,Attrited Customer
718531983,Existing Customer
712716108,Existing Customer
713379258,Existing Customer
766273533,Existing Customer
712060158,Existing Customer
715956258,Attrited Customer
720372483,Existing Customer
772629333,Existing Customer
793560033,Existing Customer
717081483,Existing Customer
795684783,Existing Customer
710147958,Existing Customer
712894308,Existing Customer
708337683,Existing Customer
778508883,Existing Customer
713115483,Attrited Customer
711879633,Existing Customer
717480783,Existing Customer
788552658,Existing Customer
708900408,Existing Customer
715778358,Existing Customer
709710783,Existing Customer
717983058,Existing Customer
771952683,Existing Customer
740784258,Existing Customer
708575058,Existing Customer
714659133,Attrited Customer
788715483,Existing Customer
709104333,Existing Customer
711840408,Existing Customer
802834158,Existing Customer
710904708,Existing Customer
820044333,Existing Customer
806170158,Existing Customer
711788583,Existing Customer
717828108,Existing Customer
721228308,Attrited Customer
809068983,Existing Customer
717327783,Existing Customer
720742083,Attrited Customer
716308683,Existing Customer
771237933,Existing Customer
714745608,Existing Customer
721205508,Attrited Customer
789382758,Existing Customer
781306758,Attrited Customer
710051658,Existing Customer
771342183,Attrited Customer
717198633,Existing Customer
715076358,Attrited Customer
713214558,Existing Customer
708217758,Existing Customer
717284133,Existing Customer
789540108,Existing Customer
814529508,Existing Customer
779363283,Existing Customer
826069983,Existing Customer
718996758,Existing Customer
710445183,Existing Customer
715822008,Existing Customer
714647808,Existing Customer
713948808,Existing Customer
720973833,Existing Customer
718011783,Existing Customer
789300408,Existing Customer
779351208,Existing Customer
721156758,Existing Customer
721020858,Existing Customer
712714008,Existing Customer
708502908,Existing Customer
715771608,Existing Customer
720487308,Existing Customer
772339383,Existing Customer
772204758,Existing Customer
721467258,Existing Customer
721233033,Attrited Customer
711356733,Existing Customer
712691883,Attrited Customer
712024908,Existing Customer
716567433,Existing Customer
716315508,Attrited Customer
711195558,Existing Customer
720519333,Attrited Customer
820599333,Existing Customer
770180808,Existing Customer
787514433,Existing Customer
718457058,Existing Customer
718024908,Existing Customer
779504058,Existing Customer
721529583,Existing Customer
716214108,Existing Customer
710183283,Existing Customer
721374033,Existing Customer
712687083,Existing Customer
710853033,Existing Customer
716727258,Existing Customer
710133858,Existing Customer
713819283,Existing Customer
712113558,Existing Customer
717862308,Existing Customer
797753283,Existing Customer
710863308,Existing Customer
708447858,Existing Customer
772271508,Attrited Customer
758076408,Existing Customer
815789883,Existing Customer
771058908,Existing Customer
720784833,Attrited Customer
715855083,Attrited Customer
787492908,Existing Customer
789582483,Existing Customer
711023508,Existing Customer
720676158,Existing Customer
757753083,Existing Customer
713850783,Existing Customer
811970808,Existing Customer
710111733,Existing Customer
718202658,Existing Customer
815756058,Existing Customer
708670608,Existing Customer
784798683,Attrited Customer
714493983,Existing Customer
818687958,Existing Customer
751450008,Existing Customer
714781908,Existing Customer
762020133,Attrited Customer
719170683,Existing Customer
709415583,Existing Customer
709383933,Attrited Customer
709500183,Attrited Customer
719658858,Existing Customer
778386033,Existing Customer
718599108,Existing Customer
717355533,Existing Customer
714608583,Attrited Customer
806970033,Existing Customer
710980383,Attrited Customer
715179933,Existing Customer
772198983,Existing Customer
713911233,Existing Customer
710855508,Existing Customer
758753283,Attrited Customer
713974533,Existing Customer
770917608,Existing Customer
816315558,Existing Customer
797898858,Existing Customer
710512833,Existing Customer
715800708,Existing Customer
720799608,Existing Customer
714107958,Existing Customer
718160358,Attrited Customer
771749733,Existing Customer
708151008,Existing Customer
713944833,Existing Customer
716009883,Existing Customer
770968383,Existing Customer
713980383,Attrited Customer
710952933,Existing Customer
789161358,Existing Customer
771400608,Existing Customer
712623258,Attrited Customer
709804533,Existing Customer
717865008,Existing Customer
789684258,Existing Customer
789502308,Attrited Customer
708665133,Existing Customer
718621608,Attrited Customer
709065483,Existing Customer
794273283,Attrited Customer
710521383,Existing Customer
721121283,Existing Customer
720950283,Attrited Customer
714253983,Existing Customer
720874983,Existing Customer
713644758,Existing Customer
708442158,Existing Customer
712271958,Existing Customer
826471458,Attrited Customer
769985883,Existing Customer
714906033,Existing Customer
721301733,Existing Customer
718426533,Existing Customer
710632683,Existing Customer
757685733,Existing Customer
788658483,Existing Customer
718540308,Existing Customer
827984658,Existing Customer
717776808,Existing Customer
715030308,Existing Customer
713572683,Existing Customer
715341858,Existing Customer
770024733,Attrited Customer
787543008,Existing Customer
714772758,Existing Customer
712916958,Attrited Customer
714414483,Existing Customer
719952408,Existing Customer
711110733,Existing Customer
712447758,Existing Customer
711263058,Existing Customer
709289358,Existing Customer
767488908,Existing Customer
717666783,Attrited Customer
712075083,Existing Customer
720015183,Existing Customer
715366083,Attrited Customer
712405908,Existing Customer
716247708,Existing Customer
819409608,Existing Customer
713884458,Existing Customer
711626658,Attrited Customer
757662258,Existing Customer
716077458,Existing Customer
713442933,Existing Customer
709346133,Existing Customer
712984983,Existing Customer
787481208,Existing Customer
785218458,Existing Customer
708224133,Existing Customer
719810583,Existing Customer
827114058,Existing Customer
789551883,Existing Customer
719147208,Existing Customer
720739083,Attrited Customer
720731808,Attrited Customer
742865883,Attrited Customer
716129208,Existing Customer
781073733,Existing Customer
779947908,Existing Customer
717826308,Existing Customer
770985633,Existing Customer
716324583,Existing Customer
797389758,Existing Customer
779070033,Existing Customer
789114408,Existing Customer
714825408,Existing Customer
710112933,Existing Customer
719528958,Existing Customer
719279208,Existing Customer
712443558,Existing Customer
715948833,Existing Customer
806232408,Existing Customer
714914583,Existing Customer
716732958,Existing Customer
803097333,Existing Customer
712219083,Existing Customer
817041408,Existing Customer
718545033,Existing Customer
710300733,Existing Customer
789853533,Attrited Customer
788842008,Existing Customer
720118908,Existing Customer
719210133,Existing Customer
822127008,Existing Customer
804840033,Existing Customer
720608658,Existing Customer
826068183,Existing Customer
708816408,Existing Customer
717725433,Attrited Customer
718812708,Attrited Customer
788760633,Existing Customer
713082708,Existing Customer
711364233,Existing Customer
780070833,Existing Customer
713418558,Existing Customer
713180433,Existing Customer
713081583,Existing Customer
711426033,Existing Customer
712367658,Existing Customer
712531008,Attrited Customer
814752558,Existing Customer
713412558,Existing Customer
758367933,Existing Customer
780307233,Existing Customer
721462458,Existing Customer
719112258,Existing Customer
720244983,Existing Customer
768965208,Existing Customer
709839858,Existing Customer
711655683,Existing Customer
828285858,Existing Customer
794632308,Existing Customer
771556308,Existing Customer
715663458,Existing Customer
712523283,Existing Customer
720437358,Existing Customer
721311333,Existing Customer
803938908,Existing Customer
719596908,Existing Customer
757675158,Existing Customer
710492733,Existing Customer
709612983,Attrited Customer
788779008,Existing Customer
713823033,Attrited Customer
718415133,Existing Customer
711008508,Existing Customer
718121658,Attrited Customer
761818758,Existing Customer
713269533,Attrited Customer
708229308,Attrited Customer
779327733,Existing Customer
715848408,Existing Customer
713070033,Existing Customer
718484283,Existing Customer
806140383,Attrited Customer
714051033,Existing Customer
715199808,Existing Customer
789594108,Existing Customer
721440633,Existing Customer
719788833,Existing Customer
715760733,Existing Customer
710401458,Existing Customer
711069483,Existing Customer
712454958,Existing Customer
771220758,Existing Customer
708822783,Existing Customer
716695533,Existing Customer
719794383,Existing Customer
718607883,Existing Customer
778627983,Attrited Customer
716239383,Existing Customer
719227233,Existing Customer
720414558,Existing Customer
781183233,Existing Customer
768475383,Existing Customer
714041283,Existing Customer
788835408,Attrited Customer
779544708,Existing Customer
720412308,Existing Customer
720001758,Existing Customer
715725858,Existing Customer
718697583,Existing Customer
768675483,Existing Customer
718521258,Existing Customer
714360033,Existing Customer
799239033,Attrited Customer
761544333,Existing Customer
716615583,Existing Customer
787800108,Existing Customer
714511758,Existing Customer
718893333,Existing Customer
755220783,Existing Customer
817908783,Existing Customer
787921383,Attrited Customer
708942408,Existing Customer
716492583,Existing Customer
708841233,Attrited Customer
711204483,Attrited Customer
714818058,Existing Customer
717392358,Existing Customer
720686583,Existing Customer
711079308,Attrited Customer
819002508,Existing Customer
712999008,Existing Customer
712644483,Existing Customer
711249858,Attrited Customer
708291633,Existing Customer
716593533,Existing Customer
709624533,Existing Customer
711082908,Existing Customer
823557333,Existing Customer
719799033,Existing Customer
708735183,Existing Customer
712843983,Attrited Customer
718489608,Existing Customer
711657783,Existing Customer
714115533,Existing Customer
775267158,Existing Customer
716855058,Attrited Customer
824560758,Attrited Customer
708997833,Existing Customer
709701558,Existing Customer
716573058,Attrited Customer
713656308,Existing Customer
713425383,Attrited Customer
798030933,Existing Customer
717756258,Existing Customer
794498733,Existing Customer
709985133,Existing Customer
720076458,Existing Customer
715098333,Existing Customer
798996183,Existing Customer
789177333,Existing Customer
769756983,Existing Customer
816513108,Existing Customer
708538608,Existing Customer
782555058,Existing Customer
713735508,Existing Customer
716669658,Attrited Customer
719192808,Existing Customer
815498733,Existing Customer
818712633,Existing Customer
779895108,Existing Customer
750690258,Existing Customer
715644633,Existing Customer
718048608,Existing Customer
709990983,Existing Customer
714230808,Existing Customer
712414908,Existing Customer
716139933,Existing Customer
715271733,Existing Customer
720758808,Existing Customer
768921933,Existing Customer
711043983,Existing Customer
819352983,Existing Customer
718282983,Existing Customer
721398858,Existing Customer
818929158,Existing Customer
719556558,Existing Customer
713919183,Existing Customer
721491258,Existing Customer
816772908,Existing Customer
709550958,Attrited Customer
814760358,Existing Customer
779689233,Existing Customer
713388108,Attrited Customer
821179233,Attrited Customer
794124708,Existing Customer
770938533,Existing Customer
713133258,Existing Customer
720241758,Existing Customer
712805658,Existing Customer
821872758,Existing Customer
718939083,Attrited Customer
789354783,Existing Customer
709666908,Existing Customer
780382008,Existing Customer
710966433,Existing Customer
718329183,Existing Customer
717418158,Existing Customer
716630508,Existing Customer
710871108,Existing Customer
718815108,Existing Customer
716039433,Existing Customer
716632758,Existing Customer
818767458,Existing Customer
711574008,Existing Customer
709362033,Attrited Customer
827628408,Existing Customer
714982383,Existing Customer
795218883,Existing Customer
713440833,Existing Customer
710202783,Existing Customer
708539583,Existing Customer
789081408,Attrited Customer
827360883,Existing Customer
788717358,Existing Customer
820020258,Existing Customer
790225758,Attrited Customer
715105908,Existing Customer
713401758,Existing Customer
719545983,Existing Customer
709451508,Existing Customer
714933783,Existing Customer
712505658,Existing Customer
708907833,Existing Customer
719801508,Existing Customer
718834233,Existing Customer
708510858,Existing Customer
711814608,Existing Customer
710569233,Existing Customer
720559908,Existing Customer
717296808,Existing Customer
716411358,Existing Customer
712879158,Existing Customer
712278108,Existing Customer
711473058,Existing Customer
710461083,Existing Customer
717940008,Existing Customer
802884933,Existing Customer
715901508,Existing Customer
720867708,Attrited Customer
801994458,Existing Customer
720141408,Existing Customer
713792583,Existing Customer
708693558,Existing Customer
711982383,Existing Customer
788930358,Existing Customer
713818158,Existing Customer
716102583,Existing Customer
712627083,Attrited Customer
720879708,Existing Customer
712720158,Existing Customer
788848458,Existing Customer
808284783,Existing Customer
716932308,Existing Customer
720419358,Existing Customer
708957183,Existing Customer
713692683,Existing Customer
713072358,Existing Customer
778801608,Existing Customer
789775308,Existing Customer
721173183,Existing Customer
773236983,Existing Customer
716929233,Existing Customer
807393558,Existing Customer
709638783,Existing Customer
813449508,Existing Customer
714256758,Existing Customer
779224758,Existing Customer
719211558,Attrited Customer
719250783,Existing Customer
710482533,Existing Customer
708197358,Attrited Customer
718000383,Existing Customer
772202058,Existing Customer
712981383,Existing Customer
789248958,Existing Customer
718357458,Existing Customer
737933883,Existing Customer
719068683,Existing Customer
717222033,Existing Customer
716750358,Existing Customer
710014683,Existing Customer
718867683,Existing Customer
710869008,Existing Customer
712442508,Existing Customer
817038333,Existing Customer
713532858,Existing Customer
786509358,Existing Customer
721241583,Existing Customer
827055333,Existing Customer
811475733,Attrited Customer
710006958,Existing Customer
779661033,Existing Customer
772286658,Attrited Customer
719593608,Attrited Customer
721106133,Existing Customer
789291633,Existing Customer
809825358,Existing Customer
788772708,Existing Customer
713713983,Existing Customer
718030083,Existing Customer
716900433,Existing Customer
720746208,Existing Customer
766946058,Existing Customer
771190083,Existing Customer
814219008,Existing Customer
709361058,Existing Customer
716328558,Existing Customer
710850633,Existing Customer
709736658,Existing Customer
717420333,Existing Customer
715034358,Existing Customer
828343083,Existing Customer
710122458,Existing Customer
716271183,Attrited Customer
709741608,Existing Customer
789417708,Existing Customer
793345008,Existing Customer
710268858,Existing Customer
714130233,Existing Customer
708823908,Existing Customer
771045708,Attrited Customer
720133908,Existing Customer
